slug,caption,image_url,image_path
sl-10-22,,https://sxcontent9668.azureedge.us/cms-assets/assets/Star10_22_090325_DSC_1623_desktop_2d8d6e48e1.jpg,images/sl-10-22_0.jpg
sl-10-22,,https://sxcontent9668.azureedge.us/cms-assets/assets/Star10_22_090325_DSC_5054_desktop_880fa69c3c.jpg,images/sl-10-22_1.jpg
sl-10-22,,https://sxcontent9668.azureedge.us/cms-assets/assets/Star10_22_090325_DSC_6165_desktop_94c3872a93.jpg,images/sl-10-22_2.jpg
crs1,,https://sxcontent9668.azureedge.us/cms-assets/assets/CRS_1_Streak_Desktop_16a5fa8d4e.jpg,images/crs1_0.jpg
crs2,,,
crew11,,https://sxcontent9668.azureedge.us/cms-assets/assets/Crew_11_ramph_IMG_5552_0d14b32a96.jpg,images/crew11_0.jpg
crew11,,https://sxcontent9668.azureedge.us/cms-assets/assets/Crew11_outsidedike_DSC_1856_desktop_3028aa32e6.jpg,images/crew11_1.jpg
crew11,,https://sxcontent9668.azureedge.us/cms-assets/assets/Crew_11_Wpondh_IMG_8981_Desktop_b19eccc50a.jpg,images/crew11_2.jpg
crew11,,https://sxcontent9668.azureedge.us/cms-assets/assets/Crew_11_pad40_DSC_5995_desktop_e0a6616e84.jpg,images/crew11_3.jpg
crew11,,https://sxcontent9668.azureedge.us/cms-assets/assets/20250728_Crew_11_Dry_Dress_STL_0126_9b30e6431a.jpg,images/crew11_4.jpg
crew11,,https://sxcontent9668.azureedge.us/cms-assets/assets/Crew_11_vertical_sunset_072725_DSC_2761_desktop2_b7fbe18647.jpg,images/crew11_5.jpg
crew11,,https://sxcontent9668.azureedge.us/cms-assets/assets/Crew_11_vertical_sunset_072725_DSC_2745_Desktop2_e3a274498f.jpg,images/crew11_6.jpg
crew11,,https://sxcontent9668.azureedge.us/cms-assets/assets/Crew_11_Hangar_X_041125_DSC_2483_DESKTOP_4ecd104ceb.jpg,images/crew11_7.jpg
crew11,,https://sxcontent9668.azureedge.us/cms-assets/assets/Crew_11_CEIT_test_drive_070325_DSC_2399_DESKTOP_56af71450e.jpg,images/crew11_8.jpg
crew11,,https://sxcontent9668.azureedge.us/cms-assets/assets/Crew_11_Intro_Week_20240926_DSC_02750_Desktop_5df7dfe429.jpg,images/crew11_9.jpg
sl-6-78,,https://sxcontent9668.azureedge.us/cms-assets/assets/Starlink_6_78_LC_39_A_2025_11_20_DSC_7684_Website_5839101de3.jpg,images/sl-6-78_0.jpg
sl-6-78,,https://sxcontent9668.azureedge.us/cms-assets/assets/Starlink_6_78_LC_39_A_2025_11_20_DSC_8679_Website_6c8f1234f1.jpg,images/sl-6-78_1.jpg
sl-6-78,,https://sxcontent9668.azureedge.us/cms-assets/assets/Starlink_6_78_LC_39_A_2025_11_20_DSC_9226_Website_565a007430.jpg,images/sl-6-78_2.jpg
sl-6-78,,https://sxcontent9668.azureedge.us/cms-assets/assets/Starlink_6_78_LC_39_A_2025_11_20_DSC_3990_Website_7f8eb4e0e3.jpg,images/sl-6-78_3.jpg
sl-6-78,,https://sxcontent9668.azureedge.us/cms-assets/assets/Starlink_6_78_LC_39_A_2025_11_20_DSC_4014_Website_609c3a2b1a.jpg,images/sl-6-78_4.jpg
sl-6-78,,https://sxcontent9668.azureedge.us/cms-assets/assets/Starlink_6_78_LC_39_A_2025_11_20_DSC_4000_Website_780f3b7af5.jpg,images/sl-6-78_5.jpg
sl-17-24,,https://sxcontent9668.azureedge.us/cms-assets/assets/Starlink_G17_24_OS_56_Streak_Comp_0fc228dd7d.jpg,images/sl-17-24_0.jpg
sl-17-24,,https://sxcontent9668.azureedge.us/cms-assets/assets/Starlink_G17_24_OS_56_4059_708512d7b0.jpg,images/sl-17-24_1.jpg
sl-6-79,,https://sxcontent9668.azureedge.us/cms-assets/assets/20251122_Starlink_6_79_20251122_STL_0028_DESKTOP_4cc0861292.jpg,images/sl-6-79_0.jpg
turksat5a,,https://sxcontent9668.azureedge.us/cms-assets/assets/Turksat5_A_Desktop_ab0823cda9.jpg,images/turksat5a_0.jpg
sl-6-59,,https://sxcontent9668.azureedge.us/cms-assets/assets/Star6_59_051724_streak_desktop_fd19e05f0b.jpg,images/sl-6-59_0.jpg
ussf36,,https://sxcontent9668.azureedge.us/cms-assets/assets/USSF_36_pad40_DSC_6082_desktop_7996dd58b2.jpg,images/ussf36_0.jpg
ussf36,,https://sxcontent9668.azureedge.us/cms-assets/assets/USSF_36_ramp_IMG_9331_Desktop_b59ba805c9.jpg,images/ussf36_1.jpg
ussf36,,https://sxcontent9668.azureedge.us/cms-assets/assets/USSF_36_pad40_DSC_2980_desktop_140795122e.jpg,images/ussf36_2.jpg
ussf36,,https://sxcontent9668.azureedge.us/cms-assets/assets/USSF_36_pad40_DSC_4583_desktop_97a5ab364c.jpg,images/ussf36_3.jpg
ussf36,,https://sxcontent9668.azureedge.us/cms-assets/assets/USSF_36_vertical_082025_DSC_2943_desktop_64d470730f.jpg,images/ussf36_4.jpg
ussf36,,https://sxcontent9668.azureedge.us/cms-assets/assets/USSF_36_vertical_082025_DSC_4577_desktop_v2_79337c07eb.jpg,images/ussf36_5.jpg
ussf36,,https://sxcontent9668.azureedge.us/cms-assets/assets/USSF_36_vertical_082025_DSC_4567_desktop_v2_b4d6c184f5.jpg,images/ussf36_6.jpg
sda-t1tl-c,,https://sxcontent9668.azureedge.us/cms-assets/assets/SDA_T1_TL_C_Launch_NPC_Theatre_Rd_20251015_DSC_00066_ea9bfd5b0e.jpg,images/sda-t1tl-c_0.jpg
sda-t1tl-c,,https://sxcontent9668.azureedge.us/cms-assets/assets/SDA_TI_TL_C_South_Hill_0981_Full_ce32036f37.jpg,images/sda-t1tl-c_1.jpg
sda-t1tl-c,,https://sxcontent9668.azureedge.us/cms-assets/assets/SDA_T1_TL_C_Launch_NPC_Turn_Around_20251015_DSC_00060_e5cc1cbfbc.jpg,images/sda-t1tl-c_2.jpg
sda-t1tl-c,,https://sxcontent9668.azureedge.us/cms-assets/assets/SDA_TI_TL_C_Theater_Horiz_9412_Full_c72875004a.jpg,images/sda-t1tl-c_3.jpg
nrol105,,https://sxcontent9668.azureedge.us/cms-assets/assets/NROL_105_South_Hill_Composite_Desktop_2780e2fa11.jpg,images/nrol105_0.jpg
nrol105,,https://sxcontent9668.azureedge.us/cms-assets/assets/NROL_105_Harris_4749_Desktop_a2dbcf62cf.jpg,images/nrol105_1.jpg
nrol105,,https://sxcontent9668.azureedge.us/cms-assets/assets/20260116_NRO_105_Verticals_DSC_00059_crop_c56eb0967b.jpg,images/nrol105_2.jpg
nrol105,,https://sxcontent9668.azureedge.us/cms-assets/assets/NROL_105_Vertical_4689_Desktop_7ccc50d643.jpg,images/nrol105_3.jpg
bandwagon-4,,https://sxcontent9668.azureedge.us/cms-assets/assets/Bandwagon_4_pad39a_DSC_4602_DSC_4602_e043777302.jpg,images/bandwagon-4_0.jpg
bandwagon-4,,https://sxcontent9668.azureedge.us/cms-assets/assets/Bandwagon_4_outsidemediah_DSC_4354_61dd7ef27a.jpg,images/bandwagon-4_1.jpg
bandwagon-4,,https://sxcontent9668.azureedge.us/cms-assets/assets/Bandwagon_4_vertical_110125_DSC_5254_desktop_f242097174.jpg,images/bandwagon-4_2.jpg
bandwagon-4,,https://sxcontent9668.azureedge.us/cms-assets/assets/Bandwagon_4_LZ_2_DSC_2476_b76aeebf15.jpg,images/bandwagon-4_3.jpg
sl-11-30,,https://sxcontent9668.azureedge.us/cms-assets/assets/Starlink_G11_30_OS_56_0240_Desktop_0d39c6849a.jpg,images/sl-11-30_0.jpg
sl-11-30,,https://sxcontent9668.azureedge.us/cms-assets/assets/Starlink_G11_30_OS_56_Streak_9833_Desktop_bb79a04669.jpg,images/sl-11-30_1.jpg
kf-03,,https://sxcontent9668.azureedge.us/cms-assets/assets/Kuiper_KF_03_pad39a_DSC_00984_desktop_d614766883.jpg,images/kf-03_0.jpg
kf-03,,https://sxcontent9668.azureedge.us/cms-assets/assets/Kuiper_KF_03_outsidemediah_DSC_8249_desktop_d278d3324a.jpg,images/kf-03_1.jpg
razaksat,,https://sxcontent9668.azureedge.us/cms-assets/assets/Razak_Sat_Desktop2_8c4db99216.jpg,images/razaksat_0.jpg
sl-10-15,,https://sxcontent9668.azureedge.us/cms-assets/assets/20250925_20250925_Starlink_10_15_Lift_STL_0018_DESKTOP_bc304d9c24.jpg,images/sl-10-15_0.jpg
sl-10-15,,https://sxcontent9668.azureedge.us/cms-assets/assets/20250925_Starlink_10_15_Streak_DSC_00053_Starlink_10_15_Streak_3_DESKTOP_23747d7c0f.jpg,images/sl-10-15_1.jpg
sl-10-15,,https://sxcontent9668.azureedge.us/cms-assets/assets/20250925_Starlink_10_15_Streak_DSC_00966_Starlink_10_15_Streak_2_DESKTOP_e860a469f3.jpg,images/sl-10-15_2.jpg
sl-10-33,,https://sxcontent9668.azureedge.us/cms-assets/assets/20260319_40_Stage_2_1_RF_stmm1a1_2026_03_19_10_AM_23_22_5340b89d7f.jpg,images/sl-10-33_0.jpg
ax1,,https://sxcontent9668.azureedge.us/cms-assets/assets/Axiom1_sunset_040622_DSC_3133_b26b67f8dc.jpg,images/ax1_0.jpg
ax1,,https://sxcontent9668.azureedge.us/cms-assets/assets/HOMEPAGE_SPACEX_Axiom1_night_040522_DSC_2145_DESKTOP_c5824789c5.jpg,images/ax1_1.jpg
ax1,,https://sxcontent9668.azureedge.us/cms-assets/assets/NEW_Launches_DSC_3082_Desktop_aaf052a8d2.jpg,images/ax1_2.jpg
ax1,,https://sxcontent9668.azureedge.us/cms-assets/assets/Axiom_1_Docking_20220409_e07975d49a.jpg,images/ax1_3.jpg
ax1,,https://sxcontent9668.azureedge.us/cms-assets/assets/Ax_1_Splashdown_Desktop_e09b3563ba.jpg,images/ax1_4.jpg
sl-6-82,,https://sxcontent9668.azureedge.us/cms-assets/assets/Star6_82_121525_DSC_5693_desktop_83dd60ff36.jpg,images/sl-6-82_0.jpg
thaicom6,,https://sxcontent9668.azureedge.us/cms-assets/assets/Thaicom_Desktop2_735ad3c3d2.jpg,images/thaicom6_0.jpg
imap,,https://sxcontent9668.azureedge.us/cms-assets/assets/IMAP_outside39abmoundh_IMG_6354_136b963d07.jpg,images/imap_0.jpg
imap,,https://sxcontent9668.azureedge.us/cms-assets/assets/IMAP_astrordsunrise_DSC_4768_43710517a6.jpg,images/imap_1.jpg
imap,,https://sxcontent9668.azureedge.us/cms-assets/assets/IMAP_astrordsunrise_DSC_5425_d13732290f.jpg,images/imap_2.jpg
imap,,https://sxcontent9668.azureedge.us/cms-assets/assets/IMAP_sunset_092225_DSC_4720_desktop_bdaf97d4cd.jpg,images/imap_3.jpg
imap,,https://sxcontent9668.azureedge.us/cms-assets/assets/IMAP_sunset_092225_DSC_4735_desktop_408c99d836.jpg,images/imap_4.jpg
imap,,https://sxcontent9668.azureedge.us/cms-assets/assets/IMAP_verticalsunrise_092225_DSC_4674_desktop_d3b288ac13.jpg,images/imap_5.jpg
crs21,,https://sxcontent9668.azureedge.us/cms-assets/assets/CRS_21_Desktop2_3a7ada6712.jpg,images/crs21_0.jpg
tracers,,https://sxcontent9668.azureedge.us/cms-assets/assets/TRACERS_SW_Hill_Horiz_7343_Desktop_48f13843b3.jpg,images/tracers_0.jpg
tracers,,https://sxcontent9668.azureedge.us/cms-assets/assets/TRACERS_OS_56_8610_Desktop_ed2586c415.jpg,images/tracers_1.jpg
tracers,,https://sxcontent9668.azureedge.us/cms-assets/assets/TRACERS_LZ_North_Horiz_9325_Full_cf7d48c8fd.jpg,images/tracers_2.jpg
inspiration4,,https://sxcontent9668.azureedge.us/cms-assets/assets/I4_LAUNCHES_DESKTOP_c95e8b50cf.jpg,images/inspiration4_0.jpg
inspiration4,,https://sxcontent9668.azureedge.us/cms-assets/assets/Homepage_Desktop_New_f1e0dbf4b3.jpg,images/inspiration4_1.jpg
crs19,,https://sxcontent9668.azureedge.us/cms-assets/assets/CRS_19_Desktop_702dd68f96.jpg,images/crs19_0.jpg
ax4,,https://sxcontent9668.azureedge.us/cms-assets/assets/Axiom_4_astrord_DSC_3542_desktop_98319e0cd9.jpg,images/ax4_0.jpg
ax4,,https://sxcontent9668.azureedge.us/cms-assets/assets/Axiom_4_outsidehangar_IMG_3412_desktop_f4cf1ef34c.jpg,images/ax4_1.jpg
ax4,,https://sxcontent9668.azureedge.us/cms-assets/assets/Axiom_4_vertical_sunset_060725_DSC_5490_6972dd1eae.jpg,images/ax4_2.jpg
ax4,,https://sxcontent9668.azureedge.us/cms-assets/assets/Axiom_4_vertical_sunset_060725_DSC_5498_bbe27a54bd.jpg,images/ax4_3.jpg
ax4,,https://sxcontent9668.azureedge.us/cms-assets/assets/Axiom_4_vertical_sunset_060725_DSC_5504_e0bc0fa77b.jpg,images/ax4_4.jpg
ax4,,https://sxcontent9668.azureedge.us/cms-assets/assets/Ax_4_Dragon_Return_Streak_Desktop_c1326c2351.jpg,images/ax4_5.jpg
ax4,,https://sxcontent9668.azureedge.us/cms-assets/assets/AX_4_Splashdown_20250715_DSC_09283_desktop_9baacb781d.jpg,images/ax4_6.jpg
crew4,,,
sl-17-15,,https://sxcontent9668.azureedge.us/cms-assets/assets/Starlink_G17_15_OS_56_Streak_4781_Desktop_e99ab71ca6.jpg,images/sl-17-15_0.jpg
sl-17-15,,https://sxcontent9668.azureedge.us/cms-assets/assets/Starlink_17_15_NPC_Launch_01_20260320_DSC_00087_Desktop_4f34344c2d.jpg,images/sl-17-15_1.jpg
crew5,,https://sxcontent9668.azureedge.us/cms-assets/assets/SPACEX_Crew_5_starship_IMG_1655_DESKTOP_4df6157fde.jpg,images/crew5_0.jpg
crew5,,https://sxcontent9668.azureedge.us/cms-assets/assets/LAUNCHES_SPACEX_Crew_5_Sunrise_20221003_DSC_06362_DESKTOP_883ef828de.jpg,images/crew5_1.jpg
crew5,,https://sxcontent9668.azureedge.us/cms-assets/assets/LAUNCHES_NEW_2_DESKTOP_launches_a2e438e486.jpg,images/crew5_2.jpg
crew5,,,
demo1,,https://sxcontent9668.azureedge.us/cms-assets/assets/Demo1_Docking_Desktop_3642f39864.jpg,images/demo1_0.jpg
fhdemo,,https://sxcontent9668.azureedge.us/cms-assets/assets/Falcon_Heavy_Demo_Desktop_c2480be4ef.jpg,images/fhdemo_0.jpg
fhdemo,,https://sxcontent9668.azureedge.us/cms-assets/assets/Falcon_Heavy_Flight_000_Demo_Launch_2_6c90fa773e.jpeg,images/fhdemo_1.jpe
fhdemo,,https://sxcontent9668.azureedge.us/cms-assets/assets/Falcon_Heavy_Demo_Launch_Desktop_05b06ba174.jpg,images/fhdemo_2.jpg
sl-10-62,,https://sxcontent9668.azureedge.us/cms-assets/assets/Star10_62_032226_DSC_8529_377b179033.jpg,images/sl-10-62_0.jpg
hispasat30w6,,https://sxcontent9668.azureedge.us/cms-assets/assets/Hispasat_Desktop_ca602d3c3e.jpg,images/hispasat30w6_0.jpg
iridium5,,https://sxcontent9668.azureedge.us/cms-assets/assets/Iridium5_Desktop2_d2d9874ee1.jpg,images/iridium5_0.jpg
crs14,,https://sxcontent9668.azureedge.us/cms-assets/assets/CRS_14_Launch_Desktop_a6cb13abac.jpg,images/crs14_0.jpg
crs14,,https://sxcontent9668.azureedge.us/cms-assets/assets/CRS_14_Approach_Desktop_6841afaf86.jpg,images/crs14_1.jpg
crs14,,https://sxcontent9668.azureedge.us/cms-assets/assets/CRS_14_Approach_EDIT_Desktop_c1567a7a47.jpg,images/crs14_2.jpg
crs24,,https://sxcontent9668.azureedge.us/cms-assets/assets/DESKTOP_CRS_24_post_launch_homepage_1f0700b0b8.png,images/crs24_0.png
crs24,,https://sxcontent9668.azureedge.us/cms-assets/assets/DESKTOP_CRS_24_pre_launch_launches_6656b5658c.png,images/crs24_1.png
crs24,,https://sxcontent9668.azureedge.us/cms-assets/assets/DESKTOP_CRS_24_pre_launch_homepage_17bb615e82.png,images/crs24_2.png
sl-10-57,,https://sxcontent9668.azureedge.us/cms-assets/assets/Star10_57_090525_DSC_1645_desktop_3213bfa00a.jpg,images/sl-10-57_0.jpg
sl-10-57,,https://sxcontent9668.azureedge.us/cms-assets/assets/Star10_57_090525_DSC_4582_desktop_57b10ef452.jpg,images/sl-10-57_1.jpg
sl-10-57,,https://sxcontent9668.azureedge.us/cms-assets/assets/Star10_57_090525_DSC_6171_desktop_2e076f58bf.jpg,images/sl-10-57_2.jpg
crs18,,https://sxcontent9668.azureedge.us/cms-assets/assets/CRS_18_Desktop2_8c5043164e.jpg,images/crs18_0.jpg
crs25,,https://sxcontent9668.azureedge.us/cms-assets/assets/HOMEPAGE_DESKTOP_CRS_25_outsidehangar_IMG_3380_ba416c11a7.jpg,images/crs25_0.jpg
tess,,https://sxcontent9668.azureedge.us/cms-assets/assets/TESS_Desktop_9cb6040429.jpg,images/tess_0.jpg
sentinel6,,https://sxcontent9668.azureedge.us/cms-assets/assets/Sentinel6_Desktop_a02eba5bba.jpg,images/sentinel6_0.jpg
sl-17-30,,https://sxcontent9668.azureedge.us/cms-assets/assets/Starlink_G17_30_OS_56_4792_Desktop_0d1fa835ba.jpg,images/sl-17-30_0.jpg
sl-17-30,,https://sxcontent9668.azureedge.us/cms-assets/assets/Starlink_G17_30_OS_56_2702_Desktop_e26060e5a6.jpg,images/sl-17-30_1.jpg
sl-17-30,,https://sxcontent9668.azureedge.us/cms-assets/assets/Starlink_17_30_Launch_NPC_20260121_DSC_00060_desktop_a4bd4571e3.jpg,images/sl-17-30_2.jpg
orbcomm1,,https://sxcontent9668.azureedge.us/cms-assets/assets/Orbcomm1_Desktop1_bab14e635f.jpg,images/orbcomm1_0.jpg
sl-17-17,,https://sxcontent9668.azureedge.us/cms-assets/assets/Starlink_G17_17_OS_56_Streak_4791_Desktop_1b73a17b1f.jpg,images/sl-17-17_0.jpg
sl-17-17,,https://sxcontent9668.azureedge.us/cms-assets/assets/Starlink_G17_17_OS_56_5522_Desktop_5e6e3a0550.jpg,images/sl-17-17_1.jpg
sl-10-61,,https://sxcontent9668.azureedge.us/cms-assets/assets/Star_10_61_091825_DSC_4647_desktop_3086dd6026.jpg,images/sl-10-61_0.jpg
sl-10-61,,https://sxcontent9668.azureedge.us/cms-assets/assets/Star_10_61_091825_DSC_5341_desktop_fce1cb822b.jpg,images/sl-10-61_1.jpg
sl-10-61,,https://sxcontent9668.azureedge.us/cms-assets/assets/SL_10_61a_6cb5274735.png,images/sl-10-61_2.png
crew12,,https://sxcontent9668.azureedge.us/cms-assets/assets/Crew_12_Vertical_Sunset_20260209_DSC_02381_5fca4c95fa.jpg,images/crew12_0.jpg
crew12,,https://sxcontent9668.azureedge.us/cms-assets/assets/Crew_12_moon_020826_DSC_8307_0d45c54f8d.jpg,images/crew12_1.jpg
crew12,,https://sxcontent9668.azureedge.us/cms-assets/assets/Crew_12_causeway_DSC_8350_8ddfa58abe.jpg,images/crew12_2.jpg
crew12,,https://sxcontent9668.azureedge.us/cms-assets/assets/Crew_12_Vertical_Sunset_20260209_DSC_02337_8c8d760957.jpg,images/crew12_3.jpg
crew12,,https://sxcontent9668.azureedge.us/cms-assets/assets/Crew_12_curbh_IMG_8471_39806f6fe4.jpg,images/crew12_4.jpg
crew12,,https://sxcontent9668.azureedge.us/cms-assets/assets/Crew_12_outside_L_Zh_DSC_3161_418ff2209f.jpg,images/crew12_5.jpg
crew12,,https://sxcontent9668.azureedge.us/cms-assets/assets/Crew_12_LZ_post_landing_DSC_6785_0fe10d45d6.jpg,images/crew12_6.jpg
crew12,,https://sxcontent9668.azureedge.us/cms-assets/assets/Crew_12_LZ_doublestreak_DSC_8038_ef136de632.jpg,images/crew12_7.jpg
sl-6-99,,https://sxcontent9668.azureedge.us/cms-assets/assets/Star6_99_121725_DSC_7636_desktop_3b91daf2aa.jpg,images/sl-6-99_0.jpg
sl-17-13,,https://sxcontent9668.azureedge.us/cms-assets/assets/Starlink_G17_13_OS_56_5157_Desktop_8fd05a50ae.jpg,images/sl-17-13_0.jpg
sl-17-13,,https://sxcontent9668.azureedge.us/cms-assets/assets/Starlink_G17_13_OS_56_Streak_4728_Desktop_eae36fef20.jpg,images/sl-17-13_1.jpg
transporter15,,https://sxcontent9668.azureedge.us/cms-assets/assets/20251128_transporter15_hill_00046_4ebb66d8e9.jpg,images/transporter15_0.jpg
transporter15,,https://sxcontent9668.azureedge.us/cms-assets/assets/Transporter_15_South_Hill_1435_Desktop_805146b7ff.jpg,images/transporter15_1.jpg
transporter15,,https://sxcontent9668.azureedge.us/cms-assets/assets/Transporter_15_Sunset_Vertical_1150_Desktop_3e98c7d4aa.jpg,images/transporter15_2.jpg
transporter15,,https://sxcontent9668.azureedge.us/cms-assets/assets/Transporter_15_Vertical_11_27_2025_1288_Desktop_7e7ad09b92.jpg,images/transporter15_3.jpg
transporter16,,https://sxcontent9668.azureedge.us/cms-assets/assets/Transporter_16_SW_Hill_Horiz_0752_Desktop_2396b348b2.jpg,images/transporter16_0.jpg
sl-17-20,,https://sxcontent9668.azureedge.us/cms-assets/assets/20260125_Starlink_17_20_TU_00061_2cc87c41c3.jpg,images/sl-17-20_0.jpg
sl-17-20,,https://sxcontent9668.azureedge.us/cms-assets/assets/Starlink_G17_20_OS_56_4858_Desktop_1a3077bf04.jpg,images/sl-17-20_1.jpg
sl-17-20,,https://sxcontent9668.azureedge.us/cms-assets/assets/Starlink_G17_20_SW_Hill_Horiz_0483_Desktop_57e657404e.jpg,images/sl-17-20_2.jpg
sl-17-2,,https://sxcontent9668.azureedge.us/cms-assets/assets/Starlink_G17_2_Figueroa_Mtn_8747_Desktop_28d9e49069.jpg,images/sl-17-2_0.jpg
sl-11-21,,https://sxcontent9668.azureedge.us/cms-assets/assets/Starlink_G11_21_730_2320_Desktop_9_jpg_ba51bc9720.jpeg,images/sl-11-21_0.jpe
sl-11-21,,https://sxcontent9668.azureedge.us/cms-assets/assets/Starlink_G11_21_OS_56_0424_Desktop_8b0f38bd39.jpg,images/sl-11-21_1.jpg
sl-10-26,,https://sxcontent9668.azureedge.us/cms-assets/assets/Star10_26_072625_DSC_2722_desktop_38d90d37c3.jpg,images/sl-10-26_0.jpg
sl-6-103,,https://sxcontent9668.azureedge.us/cms-assets/assets/Star6_103_021626_DSC_6796_desktop_c96d8640b6.jpg,images/sl-6-103_0.jpg
sl-6-103,,https://sxcontent9668.azureedge.us/cms-assets/assets/Star6_103_021626_DSC_5521_desktop_b4cb150c1d.jpg,images/sl-6-103_1.jpg
sda-t1tl-b,,https://sxcontent9668.azureedge.us/cms-assets/assets/SDA_T1_TL_B_SW_Hill_Horiz_8203_Desktop_d28e5848fa.jpg,images/sda-t1tl-b_0.jpg
sda-t1tl-b,,https://sxcontent9668.azureedge.us/cms-assets/assets/SDA_T1_TL_B_South_Hill_0271_Desktop_3ca39c37d5.jpg,images/sda-t1tl-b_1.jpg
sda-t1tl-b,,https://sxcontent9668.azureedge.us/cms-assets/assets/SDA_T1_TL_B_OS_56_Streak_8887_Desktop_b4f9f7f6af.jpg,images/sda-t1tl-b_2.jpg
sda-t1tl-b,,https://sxcontent9668.azureedge.us/cms-assets/assets/20250910_SDA_Launch_Npc_DSC_00147_Desktop_7b35f40cc8.jpg,images/sda-t1tl-b_3.jpg
sda-t1tl-b,,https://sxcontent9668.azureedge.us/cms-assets/assets/20250910_SDA_Launch_Npc_DSC_00029_Desktop_09baea9d5c.jpg,images/sda-t1tl-b_4.jpg
sl-10-36,,https://sxcontent9668.azureedge.us/cms-assets/assets/Star10_36_021926_DSC_6797_desktop_bf92a801f1.jpg,images/sl-10-36_0.jpg
sl-10-36,,https://sxcontent9668.azureedge.us/cms-assets/assets/Star10_36_021926_DSC_5543_desktop_4af5975423.jpg,images/sl-10-36_1.jpg
sl-10-58,,https://sxcontent9668.azureedge.us/cms-assets/assets/20260402_Starlink_10_58_CC_NPC_01_00006_Desktop_a579582aa5.jpg,images/sl-10-58_0.jpg
sl-10-58,,https://sxcontent9668.azureedge.us/cms-assets/assets/Star10_58_040226_DSC_8720_desktop_23a2cc7976.jpg,images/sl-10-58_1.jpg
sl-10-58,,https://sxcontent9668.azureedge.us/cms-assets/assets/Star10_58_040226_DSC_7369_desktop_ee41fad0ef.jpg,images/sl-10-58_2.jpg
crew10,,https://sxcontent9668.azureedge.us/cms-assets/assets/Crew_10_astronautrd_DSC_5144_desktop_b7cdabadf3.jpg,images/crew10_0.jpg
crew10,,https://sxcontent9668.azureedge.us/cms-assets/assets/20250308_Crew_10_Rollout_DSC_03258_77fdcef816.jpg,images/crew10_1.jpg
crew10,,https://sxcontent9668.azureedge.us/cms-assets/assets/Crew_10_Dry_Dress_20250309_STL_0088_Desktop_6fd65b061f.jpg,images/crew10_2.jpg
crew10,,https://sxcontent9668.azureedge.us/cms-assets/assets/Crew_10_vertical_030925_DSC_9967_desktop_d439f76675.jpg,images/crew10_3.jpg
crew10,,https://sxcontent9668.azureedge.us/cms-assets/assets/Crew_10_sunrise_031025_DSC_0017_desktop_kq_24694da9f8.jpg,images/crew10_4.jpg
crew10,,https://sxcontent9668.azureedge.us/cms-assets/assets/Crew_10_sunrise_031025_DSC_0038_desktop_kq_941b88b933.jpg,images/crew10_5.jpg
crew10,,https://sxcontent9668.azureedge.us/cms-assets/assets/Crew_10_sunset_031125_DSC_9592_desktop_d4174e436d.jpg,images/crew10_6.jpg
crew10,,https://sxcontent9668.azureedge.us/cms-assets/assets/Crew_10_sunset_031125_DSC_0236_Desktop_6ae744a7f4.jpg,images/crew10_7.jpg
crew10,,https://sxcontent9668.azureedge.us/cms-assets/assets/Crew_10_outsidedune_DSC_1621_desktop_9f0172366d.jpg,images/crew10_8.jpg
crew10,,https://sxcontent9668.azureedge.us/cms-assets/assets/20250314_Crew_10_Launch_VAB_SPX_0416_Desktop_555ffdd6bd.jpg,images/crew10_9.jpg
crs22,,https://sxcontent9668.azureedge.us/cms-assets/assets/Homepage_CRS_22_8035_Desktop_7cd866911b.jpg,images/crs22_0.jpg
crs22,,https://sxcontent9668.azureedge.us/cms-assets/assets/Launches_CRS_22_0657_Desktop_v2_2e23300cf9.jpg,images/crs22_1.jpg
crs22,,https://sxcontent9668.azureedge.us/cms-assets/assets/Launches_7937_Desktop_d68adde1e8.jpg,images/crs22_2.jpg
crs22,,https://sxcontent9668.azureedge.us/cms-assets/assets/Homepage_7946_Edit_Desktop_RECO_e15ce6e3fe.jpg,images/crs22_3.jpg
sl-6-104,,https://sxcontent9668.azureedge.us/cms-assets/assets/Star6_104_022126_DSC_8081_web_0f60623b2c.jpg,images/sl-6-104_0.jpg
sl-10-14,,https://sxcontent9668.azureedge.us/cms-assets/assets/Star10_14_083125_DSC_6158_desktop_50f3538e5a.jpg,images/sl-10-14_0.jpg
crs26,,https://sxcontent9668.azureedge.us/cms-assets/assets/Launches_CRS_26_PPF_DSC_7686_a0b7ab8b35.jpg,images/crs26_0.jpg
crs26,,https://sxcontent9668.azureedge.us/cms-assets/assets/Launches_CRS_26_Splashdown_20230111_Microsoft_Teams_image_31_Desktop_434c856a6f.jpg,images/crs26_1.jpg
crs26,,https://sxcontent9668.azureedge.us/cms-assets/assets/Missions_CRS_26_Splashdown_20230111_Desktop_9a6fc1f1bc.jpg,images/crs26_2.jpg
crs26,,https://sxcontent9668.azureedge.us/cms-assets/assets/DESKTOP_CRS_26_Undocking_001_b42067e5a0.jpg,images/crs26_3.jpg
sl-8-5,,https://sxcontent9668.azureedge.us/cms-assets/assets/Star_8_5_060424_DSC_1646_desktop_8fa6aee304.jpg,images/sl-8-5_0.jpg
gpsiii9,,https://sxcontent9668.azureedge.us/cms-assets/assets/GPS_III_SV_09_outsidenewtowerh_DSC_9303_desktop_02d5149596.jpg,images/gpsiii9_0.jpg
gpsiii9,,https://sxcontent9668.azureedge.us/cms-assets/assets/GPS_III_SV_09_vertical_sunset_012626_DSC_6412_e495155fa3.jpg,images/gpsiii9_1.jpg
gpsiii9,,https://sxcontent9668.azureedge.us/cms-assets/assets/20260121_GPS_III_9_ENCAP_Astrotech_STL_0054_85b714e4e7.jpg,images/gpsiii9_2.jpg
sl-12-5,,https://sxcontent9668.azureedge.us/cms-assets/assets/Starlink_G12_5_LIFTOFF_Desktop_448d54d804.jpg,images/sl-12-5_0.jpg
crs23,,https://sxcontent9668.azureedge.us/cms-assets/assets/HP_CRS_23_causeway_DSC_7027_Desktop_dbb4930bf1.jpg,images/crs23_0.jpg
crs23,,https://sxcontent9668.azureedge.us/cms-assets/assets/Launches_CRS_23_vertical082521_DSC_2787_Desktop_0e09860c5d.jpg,images/crs23_1.jpg
crs23,,https://sxcontent9668.azureedge.us/cms-assets/assets/HP_CRS_23_Vertical_WEBSITE_DESKTOP_2_099f5ae41d.jpg,images/crs23_2.jpg
starship-flight-8,,https://sxcontent9668.azureedge.us/cms-assets/assets/Flight_8_Website_Desktop_3_b8f32a248d.jpg,images/starship-flight-8_0.jpg
starship-flight-8,,https://sxcontent9668.azureedge.us/cms-assets/assets/Flight_8_Website_Desktop_4_4d01bb2276.jpg,images/starship-flight-8_1.jpg
starship-flight-8,,https://sxcontent9668.azureedge.us/cms-assets/assets/Flight_8_level24_Npc_20250307002154_desktop_d77c230a45.jpg,images/starship-flight-8_2.jpg
starship-flight-8,,https://sxcontent9668.azureedge.us/cms-assets/assets/Flight_8_Beach_20250307002179_desktop_b91b558884.jpg,images/starship-flight-8_3.jpg
starship-flight-8,,https://sxcontent9668.azureedge.us/cms-assets/assets/Flight_8_Drone_20250306002108_desktop_9eaded798c.jpg,images/starship-flight-8_4.jpg
starship-flight-8,,https://sxcontent9668.azureedge.us/cms-assets/assets/Flight_8_Website_Desktop_5_bf4d664a68.jpg,images/starship-flight-8_5.jpg
starship-flight-8,,https://sxcontent9668.azureedge.us/cms-assets/assets/Flight_8_Drone_20250306002096_desktop_2c79bded3e.jpg,images/starship-flight-8_6.jpg
starship-flight-8,,https://sxcontent9668.azureedge.us/cms-assets/assets/Flight_8_Drone_20250306002113_52dc0e56f5.jpg,images/starship-flight-8_7.jpg
starship-flight-8,,https://sxcontent9668.azureedge.us/cms-assets/assets/Flight_8_Beach_20250307002181_desktop_26f4b6dad0.jpg,images/starship-flight-8_8.jpg
starship-flight-8,,https://sxcontent9668.azureedge.us/cms-assets/assets/Flight_8_level16_20250307002145_desktop_7754dfd471.jpg,images/starship-flight-8_9.jpg
sl-10-11,,https://sxcontent9668.azureedge.us/cms-assets/assets/Star10_11_082825_DSC_4947_desktop_82db6afd2a.jpg,images/sl-10-11_0.jpg
sl-10-11,,https://sxcontent9668.azureedge.us/cms-assets/assets/20250827_Starlink_10_11_30th_STL_0737_2_2_DESKTOP_d1a3c35f11.jpg,images/sl-10-11_1.jpg
sl-10-11,,https://sxcontent9668.azureedge.us/cms-assets/assets/20250827_Starlink_10_11_30th_STL_0758_2_DESKTOP_6bfe8959f4.jpg,images/sl-10-11_2.jpg
sl-10-11,,https://sxcontent9668.azureedge.us/cms-assets/assets/20250827_Starlink_10_11_30th_STL_0659_Pano_3_4_DESKTOP_a69e18fd3f.jpg,images/sl-10-11_3.jpg
nrol48,,https://sxcontent9668.azureedge.us/cms-assets/assets/NROL_48_San_Miguelito_Cyn_0298_Desktop_bba724ec3b.jpg,images/nrol48_0.jpg
nrol48,,https://sxcontent9668.azureedge.us/cms-assets/assets/NROL_48_San_Miguelito_Cyn_0334_Desktop_1d28ddb635.jpg,images/nrol48_1.jpg
sl-6-73,,https://sxcontent9668.azureedge.us/cms-assets/assets/Star6_73_041425_IMG_0954_desktop2_83a74504e0.jpg,images/sl-6-73_0.jpg
crew2,,https://sxcontent9668.azureedge.us/cms-assets/assets/Launches_Dragon_Docking_ISS_Desktop_054e35da87.jpg,images/crew2_0.jpg
crew2,,https://sxcontent9668.azureedge.us/cms-assets/assets/Crew_2_Launch_Desktop2_91ee22f2c1.jpg,images/crew2_1.jpg
crew2,,https://sxcontent9668.azureedge.us/cms-assets/assets/Crew2_ramp_IMG_0726_9e9de3b824.jpg,images/crew2_2.jpg
crew2,,https://sxcontent9668.azureedge.us/cms-assets/assets/Crew_2_Engine_Desktop_6f5a0c00e9.jpg,images/crew2_3.jpg
crew2,,https://sxcontent9668.azureedge.us/cms-assets/assets/Crew_2_Launch_Desktop_41c09bfc95.jpg,images/crew2_4.jpg
crew2,,https://sxcontent9668.azureedge.us/cms-assets/assets/Crew2_sunset_Apr19_DSC_4588_974292b9d8.jpg,images/crew2_5.jpg
crew2,,https://sxcontent9668.azureedge.us/cms-assets/assets/Crew2_twilight_Apr16_DSC_4504_7b503cedda.jpg,images/crew2_6.jpg
crew2,,https://sxcontent9668.azureedge.us/cms-assets/assets/Crew_2_Rollout_Desktop_c0393c77a3.jpg,images/crew2_7.jpg
crew1,,https://sxcontent9668.azureedge.us/cms-assets/assets/Crew_1_Dry_Dress_Desktop_96404e4a9f.jpg,images/crew1_0.jpg
arabsat6a,,https://sxcontent9668.azureedge.us/cms-assets/assets/Arabsat_6_A_Desktop2_5a19ae3ece.jpg,images/arabsat6a_0.jpg
crew3,,https://sxcontent9668.azureedge.us/cms-assets/assets/Homepage_Crew3_vertical_102721_DSC_0224_1_Desktop_Resized_a313b48315.jpg,images/crew3_0.jpg
crew3,,https://sxcontent9668.azureedge.us/cms-assets/assets/Crew_3_Sunrise_Desktop_a2da16cf2d.jpg,images/crew3_1.jpg
crew3,,https://sxcontent9668.azureedge.us/cms-assets/assets/Homepage_Crew3_outsidebchrd_IMG_9965_Desktop_9ca20e15f6.jpg,images/crew3_2.jpg
crew3,,https://sxcontent9668.azureedge.us/cms-assets/assets/Launches_Crew3_astronautrd_DSC_7018_Desktop_3cf3b542b7.jpg,images/crew3_3.jpg
crew3,,https://sxcontent9668.azureedge.us/cms-assets/assets/Updates_Crew_3_Docking_03_desktop_9d467fc2a4.jpg,images/crew3_4.jpg
sl-6-101,,https://sxcontent9668.azureedge.us/cms-assets/assets/Star6_101_013026_DSC_8257_8f8e5da669.jpg,images/sl-6-101_0.jpg
crs33,,https://sxcontent9668.azureedge.us/cms-assets/assets/CRS_33_vertical_082225_DSC_4589_desktop_aaf2c466f5.jpg,images/crs33_0.jpg
crs33,,https://sxcontent9668.azureedge.us/cms-assets/assets/CRS_33_vertical_082225_DSC_4623_desktop_254ab19e2e.jpg,images/crs33_1.jpg
crs33,,https://sxcontent9668.azureedge.us/cms-assets/assets/CRS_33_causeway_DSC_4641_desktop_0ce5561bd8.jpg,images/crs33_2.jpg
nusantaralima,,https://sxcontent9668.azureedge.us/cms-assets/assets/PSN_5_pad39a_DSC_5195_desktop_f25a46d39e.jpg,images/nusantaralima_0.jpg
nusantaralima,,https://sxcontent9668.azureedge.us/cms-assets/assets/PSN_5_pad39a_DSC_4866_desktop_0b44dfa68b.jpg,images/nusantaralima_1.jpg
nusantaralima,,https://sxcontent9668.azureedge.us/cms-assets/assets/PSN_5_vertical_090825_DSC_4590_desktop_7d368979d1.jpg,images/nusantaralima_2.jpg
cosmo-skymedfm3,,https://sxcontent9668.azureedge.us/cms-assets/assets/Cosmo_Sky_Med_FM_3_OS_56_Streak_9882_Full_e29670b8fa.jpg,images/cosmo-skymedfm3_0.jpg
cosmo-skymedfm3,,https://sxcontent9668.azureedge.us/cms-assets/assets/Cosmo_Sky_Med_FM_3_South_Hill_9551_Desktop_fc090a27eb.jpg,images/cosmo-skymedfm3_1.jpg
cosmo-skymedfm3,,https://sxcontent9668.azureedge.us/cms-assets/assets/20251227_COSMO_Sky_Med_FM_3_Hill_00152_Vertical_8936459267.jpg,images/cosmo-skymedfm3_2.jpg
spherex,,https://sxcontent9668.azureedge.us/cms-assets/assets/SPHER_Ex_Vertical_6497_Desktop_8c399f315c.jpg,images/spherex_0.jpg
spherex,,https://sxcontent9668.azureedge.us/cms-assets/assets/SPHER_Ex_Vertical_6487_Desktop_0fb43a506f.jpg,images/spherex_1.jpg
spherex,,https://sxcontent9668.azureedge.us/cms-assets/assets/NASA_SPHER_Ex_SW_Hill_Horiz_2062_Desktop_4be6753053.jpg,images/spherex_2.jpg
sl-6-108,,https://sxcontent9668.azureedge.us/cms-assets/assets/20260227_Starlink_6_108_D_2_1_RF_stmm1a1_2026_02_27_7_AM_19_19_82266a2b47.jpg,images/sl-6-108_0.jpg
sl-6-108,,https://sxcontent9668.azureedge.us/cms-assets/assets/20260227_Starlink_6_108_D_2_3_RF_stmm1a3_2026_02_27_7_AM_28_29_ec9d89a5f8.jpg,images/sl-6-108_1.jpg
sl-11-17,,https://sxcontent9668.azureedge.us/cms-assets/assets/Starlink_G11_17_OS_56_8929_8931_Desktop_478ded18af.jpg,images/sl-11-17_0.jpg
sl-11-17,,https://sxcontent9668.azureedge.us/cms-assets/assets/Starlink_G11_17_OS_56_9729_Desktop_78f5353429.jpg,images/sl-11-17_1.jpg
sl-6-88,,https://sxcontent9668.azureedge.us/cms-assets/assets/Star6_88_010426_DSC_8612_desktop_352f0d31ac.jpg,images/sl-6-88_0.jpg
sl-6-88,,https://sxcontent9668.azureedge.us/cms-assets/assets/Star6_88_010426_DSC_6095_desktop_e86b72e4ba.jpg,images/sl-6-88_1.jpg
sl-11-15,,https://sxcontent9668.azureedge.us/cms-assets/assets/Starlink_G11_15_OS_56_1284_Desktop_7d1eda7d7c.jpg,images/sl-11-15_0.jpg
sl-11-15,,https://sxcontent9668.azureedge.us/cms-assets/assets/Starlink_G11_15_OS_56_Streak_4425_Desktop_875b0e42cb.jpg,images/sl-11-15_1.jpg
sl-11-15,,https://sxcontent9668.azureedge.us/cms-assets/assets/Starlink_G11_15_730_9343_Desktop_28db5b3e3e.jpg,images/sl-11-15_2.jpg
sl-17-7,,https://sxcontent9668.azureedge.us/cms-assets/assets/Starlink_G17_7_OS_56_Streak_8831_Desktop_838312d5c4.jpg,images/sl-17-7_0.jpg
sl-17-23,,https://sxcontent9668.azureedge.us/cms-assets/assets/20260301_Starlink_17_23_2nd_Stage_01_2b56f6d490.jpg,images/sl-17-23_0.jpg
sl-17-23,,https://sxcontent9668.azureedge.us/cms-assets/assets/20260301_Starlink_Hill_g17_23_Hill_00053_2a074a4491.jpg,images/sl-17-23_1.jpg
sl-17-23,,https://sxcontent9668.azureedge.us/cms-assets/assets/Starlink_G17_23_San_Ynez_3603_Full_1d9996a276.jpg,images/sl-17-23_2.jpg
sl-17-23,,https://sxcontent9668.azureedge.us/cms-assets/assets/Starlink_G17_23_San_Ynez_Streak_16mm_4757_Desktop_1652ce8c6e.jpg,images/sl-17-23_3.jpg
sl-6-92,,https://sxcontent9668.azureedge.us/cms-assets/assets/Star6_92_120825_DSC_7136_desktop_58c6e7f859.jpg,images/sl-6-92_0.jpg
sl-10-41,,https://sxcontent9668.azureedge.us/cms-assets/assets/20260301_Starlink_10_41_DSC_03865_Desktop_ac5a232ecf.jpg,images/sl-10-41_0.jpg
sl-10-41,,https://sxcontent9668.azureedge.us/cms-assets/assets/20260301_Starlink_10_41_DSC_03983_3x2_fc81660d8e.jpg,images/sl-10-41_1.jpg
nrol77,,https://sxcontent9668.azureedge.us/cms-assets/assets/Star6_92_120825_DSC_7144_desktop_bb285c45d5.jpg,images/nrol77_0.jpg
sl-6-85,,https://sxcontent9668.azureedge.us/cms-assets/assets/Starlink_6_85_SLC_40_2025_11_15_DSC_1057_7520e11ca4.jpg,images/sl-6-85_0.jpg
sl-6-85,,https://sxcontent9668.azureedge.us/cms-assets/assets/Starlink_6_85_SLC_40_2025_11_15_DSC_1262_798567a832.jpg,images/sl-6-85_1.jpg
sl-6-85,,https://sxcontent9668.azureedge.us/cms-assets/assets/Starlink_6_85_SLC_40_2025_11_15_DSC_1350_52547dd7bf.jpg,images/sl-6-85_2.jpg
sl-6-85,,https://sxcontent9668.azureedge.us/cms-assets/assets/Starlink_6_85_SLC_40_2025_11_15_DSC_7587_b2c1eedb9b.jpg,images/sl-6-85_3.jpg
sl-6-85,,https://sxcontent9668.azureedge.us/cms-assets/assets/20251114_Starlink_6_89_and_6_85_STREAK_DSC_07536_2_Edit_3x2_21cd591f1a.jpg,images/sl-6-85_4.jpg
sentinel-6b,,https://sxcontent9668.azureedge.us/cms-assets/assets/Sentinel_6_B_Vertical_0675_Desktop_fc62b51647.jpg,images/sentinel-6b_0.jpg
sentinel-6b,,https://sxcontent9668.azureedge.us/cms-assets/assets/Sentinel_6_B_OS_56_0180_Desktop_5a7e4d9017.jpg,images/sentinel-6b_1.jpg
sentinel-6b,,https://sxcontent9668.azureedge.us/cms-assets/assets/Sentinel_6_B_Theater_Horiz_9510_4d73c354bf.jpg,images/sentinel-6b_2.jpg
sentinel-6b,,https://sxcontent9668.azureedge.us/cms-assets/assets/Sentinel_6_B_LZ_West_Horiz_0404_5beaad790d.jpg,images/sentinel-6b_3.jpg
sl-10-40,,https://sxcontent9668.azureedge.us/cms-assets/assets/20260304_Starlink_10_40_STL_0018_Desktop_d39adf3ead.jpg,images/sl-10-40_0.jpg
sl-10-40,,https://sxcontent9668.azureedge.us/cms-assets/assets/20260304_DSC_07830_edit_2_Desktop_99fc7e9a74.jpg,images/sl-10-40_1.jpg
sl-15-11,,https://sxcontent9668.azureedge.us/cms-assets/assets/Starlink_G15_11_730_9437_Desktop_6810c6ee27.jpg,images/sl-15-11_0.jpg
sl-15-11,,https://sxcontent9668.azureedge.us/cms-assets/assets/Starlink_G15_11_OS_56_Streak_Comp_Desktop_8bc88cd508.jpg,images/sl-15-11_1.jpg
ng23,,https://sxcontent9668.azureedge.us/cms-assets/assets/Cygnus_NG_23_pad39_A_DSC_5223_desktop_61efdec8c5.jpg,images/ng23_0.jpg
ng23,,https://sxcontent9668.azureedge.us/cms-assets/assets/Cygnus_NG_23_outsidewhiteh_IMG_9571_desktop_d2108f1c71.jpg,images/ng23_1.jpg
ng23,,https://sxcontent9668.azureedge.us/cms-assets/assets/Cygnus_NG_23_outsidelooph_DSC_4386_desktop_ffb7522352.jpg,images/ng23_2.jpg
ng23,,https://sxcontent9668.azureedge.us/cms-assets/assets/Cygnus_NG_23_outsidewhiteh_IMG_9573_11e307eaf1.jpg,images/ng23_3.jpg
ng23,,https://sxcontent9668.azureedge.us/cms-assets/assets/Cygnus_NG_23_vertical_091425_DSC_5201_desktop_3c6261aa77.jpg,images/ng23_4.jpg
ng23,,https://sxcontent9668.azureedge.us/cms-assets/assets/Cygnus_NG_23_vertical_091425_DSC_4623_desktop_0f6fc7c72b.jpg,images/ng23_5.jpg
nrol57,,https://sxcontent9668.azureedge.us/cms-assets/assets/NROL_57_OS_56_7058_Desktop_28e622353d.jpg,images/nrol57_0.jpg
nrol57,,https://sxcontent9668.azureedge.us/cms-assets/assets/NROL_57_OS_56_Streak_7325_Desktop_54eacf7355.jpg,images/nrol57_1.jpg
sl-17-18,,https://sxcontent9668.azureedge.us/cms-assets/assets/20260307_Starlink_17_18_Hill_00004_68deb9785a.jpg,images/sl-17-18_0.jpg
sl-17-18,,https://sxcontent9668.azureedge.us/cms-assets/assets/Starlink_G17_18_OS_56_3808_Full_89a5bed4ff.jpg,images/sl-17-18_1.jpg
echostarxxv,,https://sxcontent9668.azureedge.us/cms-assets/assets/Echostar_XXV_curbh_IMG_9947_3278b8a0a3.jpg,images/echostarxxv_0.jpg
echostarxxv,,https://sxcontent9668.azureedge.us/cms-assets/assets/20260309_Echostar_25_Vertical_STL_0191_0e0d27b70c.jpg,images/echostarxxv_1.jpg
sl-6-94,,https://sxcontent9668.azureedge.us/cms-assets/assets/Starlink_G6_94_20251118_dsc09915_84b56cf902.jpg,images/sl-6-94_0.jpg
sl-6-94,,https://sxcontent9668.azureedge.us/cms-assets/assets/Starlink_6_94_SLC_40_2025_11_18_DSC_3339_Website_e6445b714a.jpg,images/sl-6-94_1.jpg
sl-6-94,,https://sxcontent9668.azureedge.us/cms-assets/assets/Starlink_6_94_SLC_40_2025_11_18_DSC_3529_Website_4bbadcd3f7.jpg,images/sl-6-94_2.jpg
sl-6-94,,https://sxcontent9668.azureedge.us/cms-assets/assets/Starlink_6_94_SLC_40_2025_11_18_DSC_9153_Website_b50fa86ef1.jpg,images/sl-6-94_3.jpg
twilight,,https://sxcontent9668.azureedge.us/cms-assets/assets/Twilight_South_Hill_9750_Full_52be99ef0b.jpg,images/twilight_0.jpg
twilight,,https://sxcontent9668.azureedge.us/cms-assets/assets/Twilight_OS_56_1495_Desktop_856b9b2962.jpg,images/twilight_1.jpg
twilight,,https://sxcontent9668.azureedge.us/cms-assets/assets/Twilight_Launch_20260111_DSC_00064_14a6a9add3.jpg,images/twilight_2.jpg
twilight,,https://sxcontent9668.azureedge.us/cms-assets/assets/Twilight_OS_56_LZ_2549_Full_890b7431dc.jpg,images/twilight_3.jpg
twilight,,https://sxcontent9668.azureedge.us/cms-assets/assets/Twilight_OS_56_Streak_9885_Desktop_9da9e46b69.jpg,images/twilight_4.jpg
twilight,,https://sxcontent9668.azureedge.us/cms-assets/assets/Twilight_South_Hill_Composite_Desktop_fd9baff210.jpg,images/twilight_5.jpg
twilight,,https://sxcontent9668.azureedge.us/cms-assets/assets/Twilight_LZ_West_Horiz_2115_Desktop_c2b46c479d.jpg,images/twilight_6.jpg
twilight,,,
SDA-Tranche0A,,https://sxcontent9668.azureedge.us/cms-assets/assets/SDA_0_B_South_West_Hill_Horz_7288_Desktop_c8503fe26d.jpg,images/SDA-Tranche0A_0.jpg
sl-6-97,,https://sxcontent9668.azureedge.us/cms-assets/assets/Star6_97_011226_DSC_8656_desktop_bc586bde33.jpg,images/sl-6-97_0.jpg
sl-6-97,,https://sxcontent9668.azureedge.us/cms-assets/assets/Star6_97_011226_DSC_7950_desktop_3f691d12cc.jpg,images/sl-6-97_1.jpg
sl-17-31,,https://sxcontent9668.azureedge.us/cms-assets/assets/Starlink_G17_31_OS_56_Streak_4765_Desktop_cfa28b05c6.jpg,images/sl-17-31_0.jpg
sl-10-48,,https://sxcontent9668.azureedge.us/cms-assets/assets/20260314_Starlink_10_48_40_Stage_2_3_RF_stmm1a3_2026_03_14_8_AM_56_09_858143de55.jpg,images/sl-10-48_0.jpg
sl-17-33,,https://sxcontent9668.azureedge.us/cms-assets/assets/Starlink_G17_33_OS_56_Streak_4719_Desktop_e8474f4bf7.jpg,images/sl-17-33_0.jpg
sl-6-98,,https://sxcontent9668.azureedge.us/cms-assets/assets/20260114_Starlink_6_98_40_Stage_2_3_RF_stmm1a3_2026_01_14_1_PM_11_31_2_aa32888a22.jpg,images/sl-6-98_0.jpg
demo2,,https://sxcontent9668.azureedge.us/cms-assets/assets/Demo2_Sunrise_Desktop_843c32991a.jpg,images/demo2_0.jpg
demo2,,https://sxcontent9668.azureedge.us/cms-assets/assets/Demo2_Sunset_Desktop_3bd4eb10b2.jpg,images/demo2_1.jpg
demo2,,https://sxcontent9668.azureedge.us/cms-assets/assets/Demo2_Crew_Ingress_Desktop_ef2e233d1e.jpg,images/demo2_2.jpg
demo2,,https://sxcontent9668.azureedge.us/cms-assets/assets/DM_2_outsidehangar_IMG_5717_835c6bc6c5.jpg,images/demo2_3.jpg
demo2,,https://sxcontent9668.azureedge.us/cms-assets/assets/Demo2_Splashdown_Desktop_4b5114fd99.jpg,images/demo2_4.jpg
ng24,,https://sxcontent9668.azureedge.us/cms-assets/assets/Cygnus_NG_24_double_IMG_1597_1_744deca723.jpg,images/ng24_0.jpg
ng24,,https://sxcontent9668.azureedge.us/cms-assets/assets/Cygnus_NG_24_outsidewater_DSC_5893_desktop_89b48a33b5.jpg,images/ng24_1.jpg
ng24,,https://sxcontent9668.azureedge.us/cms-assets/assets/Cygnus_NG_24_landing_sun_DSC_7417_desktop_eeb4d882b3.jpg,images/ng24_2.jpg
ng24,,https://sxcontent9668.azureedge.us/cms-assets/assets/Cygnus_NG_24_L_Zoutsidetower_IMG_9014_desktop_f3e69d2c08.jpg,images/ng24_3.jpg
ng24,,https://sxcontent9668.azureedge.us/cms-assets/assets/20260403_CC_Cygnus_NG_24_ENCAP_DSC_07680_b54543f697.jpg,images/ng24_4.jpg
sl-10-24,,https://sxcontent9668.azureedge.us/cms-assets/assets/Star10_24_041426_DSC_8401_desktop_cdecf0fb23.jpg,images/sl-10-24_0.jpg
sl-10-24,,https://sxcontent9668.azureedge.us/cms-assets/assets/20260414_Starlink_10_24_40_Stage_2_2_RF_stmm1a2_2026_04_14_5_AM_51_14_f4a83b10b5.jpg,images/sl-10-24_1.jpg
sl-10-24,,https://sxcontent9668.azureedge.us/cms-assets/assets/Star10_24_041426_DSC_8782_desktop_2c57d8d34c.jpg,images/sl-10-24_2.jpg
sl-17-22,,https://sxcontent9668.azureedge.us/cms-assets/assets/WEBSITE_DE_Starlink_17_22_NPC_Launch_20260419_DSC_00067_Desktop_9e57d10965.png,images/sl-17-22_0.png
sl-17-22,,https://sxcontent9668.azureedge.us/cms-assets/assets/Starlink_G17_22_San_Miguelito_4628_Desktop_3eed608fed.jpg,images/sl-17-22_1.jpg
gpsiii8,,https://sxcontent9668.azureedge.us/cms-assets/assets/20260421_CC_GPS_III_8_curbh_IMG_0044_desktop_2f88c9fdd9.jpg,images/gpsiii8_0.jpg
gpsiii8,,https://sxcontent9668.azureedge.us/cms-assets/assets/20260419_CC_GPS_III_8_vertical_DSC_7910_desktop_89e992824a.jpg,images/gpsiii8_1.jpg
gpsiii8,,https://sxcontent9668.azureedge.us/cms-assets/assets/20260415_CC_GPS_III_10_encapsulation_DSC_7586_adbcdd4b9b.jpg,images/gpsiii8_2.jpg
sl-17-16,,https://sxcontent9668.azureedge.us/cms-assets/assets/20260426_starlink_17_16_tu_00035_DESKTOP_200091df3e.jpg,images/sl-17-16_0.jpg
viasat3f3,,https://sxcontent9668.azureedge.us/cms-assets/assets/20260423_CC_FH_Via_Sat3_F3_lift_DSC_8011_69957bbd99.jpg,images/viasat3f3_0.jpg
viasat3f3,,https://sxcontent9668.azureedge.us/cms-assets/assets/20260423_CC_FH_Via_Sat3_F3_engines_DSC_7951_1_5f7ddea9a6.jpg,images/viasat3f3_1.jpg
viasat3f3,,https://sxcontent9668.azureedge.us/cms-assets/assets/20260426_CC_FH_Via_Sat3_F3_sunset_vertical_DSC_8030_d6e3a447f4.jpg,images/viasat3f3_2.jpg
viasat3f3,,https://sxcontent9668.azureedge.us/cms-assets/assets/20260426_CC_FH_Via_Sat3_F3_sunset_vertical_DSC_8024_desktop_a201deebff.jpg,images/viasat3f3_3.jpg
viasat3f3,,https://sxcontent9668.azureedge.us/cms-assets/assets/20260429_CC_FH_Via_Sat3_F3_rampenginev_DSC_4878_desktop_0ddd00307b.jpg,images/viasat3f3_4.jpg
viasat3f3,,https://sxcontent9668.azureedge.us/cms-assets/assets/20260429_CC_FH_Via_Sat3_F3_outsidehangarh_IMG_8285_desktop_8bd74cb1de.jpg,images/viasat3f3_5.jpg
viasat3f3,,https://sxcontent9668.azureedge.us/cms-assets/assets/20260429_CC_FH_Via_Sat3_F3_LZ_40_DSC_7819_windsockremoved_6a24070bcd.jpg,images/viasat3f3_6.jpg
viasat3f3,,https://sxcontent9668.azureedge.us/cms-assets/assets/20260429_CC_FH_Via_Sat3_F3_LZ_2_IMG_1648_adbab87908.jpg,images/viasat3f3_7.jpg
cas500-2,,https://sxcontent9668.azureedge.us/cms-assets/assets/CAS_500_2_South_Hill_Composite_Full_cbd191c46e.jpg,images/cas500-2_0.jpg
nrol172,,https://sxcontent9668.azureedge.us/cms-assets/assets/NROL_172_Miguelito_Cyn_5053_Desktop_9acbac5f50.jpg,images/nrol172_0.jpg
nrol172,,https://sxcontent9668.azureedge.us/cms-assets/assets/NROL_172_Southwest_Hill_Horiz_1108_Desktop_2b3d881a4a.jpg,images/nrol172_1.jpg
nrol172,,https://sxcontent9668.azureedge.us/cms-assets/assets/NROL_172_NPC_Launch_20260511_DSC_00070_desktop_1d4ed68afd.jpg,images/nrol172_2.jpg
crs-34,,https://sxcontent9668.azureedge.us/cms-assets/assets/20260515_CC_CRS_34_pad39a_DSC_9096_desktop_53809dd8bd.jpg,images/crs-34_0.jpg
crs-34,,https://sxcontent9668.azureedge.us/cms-assets/assets/20260515_CC_CRS_34_curbh_DSC_9415_4b20981688.jpg,images/crs-34_1.jpg
crs-34,,https://sxcontent9668.azureedge.us/cms-assets/assets/20260515_CC_CRS_34_L_Zlanding_IMG_4157_c0df7de9ad.jpg,images/crs-34_2.jpg
sl-17-42,,https://sxcontent9668.azureedge.us/cms-assets/assets/20260519_starlink_hill_g17_42_hill_00017_7fd82513b9.jpg,images/sl-17-42_0.jpg
sl-17-42,,https://sxcontent9668.azureedge.us/cms-assets/assets/20260519_starlink_tracking_g17_42_00049_de6ece8001.jpg,images/sl-17-42_1.jpg
sl-17-42,,https://sxcontent9668.azureedge.us/cms-assets/assets/Starlink_G17_42_OS_56_5969_Full_a042a9fec8.jpg,images/sl-17-42_2.jpg
sl-17-42,,https://sxcontent9668.azureedge.us/cms-assets/assets/Starlink_G17_42_OS_56_Streak_5043_Full_388bf789b9.jpg,images/sl-17-42_3.jpg
sl-10-54,,https://sxcontent9668.azureedge.us/cms-assets/assets/20260612_CC_Star10_54_DSC_8641_desktop_d10d0f002e.jpg,images/sl-10-54_0.jpg
sl-10-54,,https://sxcontent9668.azureedge.us/cms-assets/assets/20260612_CC_Starlink_10_54_NPC_03_00009_2_be57327985.jpg,images/sl-10-54_1.jpg
sl-10-54,,https://sxcontent9668.azureedge.us/cms-assets/assets/20260612_CC_Star10_54_DSC_9185_desktop_22d2ed0a04.jpg,images/sl-10-54_2.jpg
sl-10-54,,https://sxcontent9668.azureedge.us/cms-assets/assets/20260612_40_Stage_2_3_RF_stmm1a3_2026_06_12_8_AM_53_15_f1ee342876.jpg,images/sl-10-54_3.jpg
